"filename", "language", "Dart", "YAML", "Markdown", "Ruby", "C++", "Swift", "XML", "Gradle", "Java Properties", "Objective-C", "CMake", "JSON", "HTML", "Java", "Kotlin", "PowerShell", "Kotlinscript", "comment", "blank", "total"
"d:\Android_Dev\Flutter\Projects\notesapp\README.md", "Markdown", 0, 0, 10, 0, 0, 0, 0, 0, 0, 0, 0, 0, 0, 0, 0, 0, 0, 0, 7, 17
"d:\Android_Dev\Flutter\Projects\notesapp\analysis_options.yaml", "YAML", 0, 3, 0, 0, 0, 0, 0, 0, 0, 0, 0, 0, 0, 0, 0, 0, 0, 22, 4, 29
"d:\Android_Dev\Flutter\Projects\notesapp\android\app\build.gradle.kts", "Kotlinscript", 0, 0, 0, 0, 0, 0, 0, 0, 0, 0, 0, 0, 0, 0, 0, 0, 53, 8, 11, 72
"d:\Android_Dev\Flutter\Projects\notesapp\android\app\src\debug\AndroidManifest.xml", "XML", 0, 0, 0, 0, 0, 0, 3, 0, 0, 0, 0, 0, 0, 0, 0, 0, 0, 4, 1, 8
"d:\Android_Dev\Flutter\Projects\notesapp\android\app\src\main\AndroidManifest.xml", "XML", 0, 0, 0, 0, 0, 0, 103, 0, 0, 0, 0, 0, 0, 0, 0, 0, 0, 25, 13, 141
"d:\Android_Dev\Flutter\Projects\notesapp\android\app\src\main\kotlin\com\example\notesapp\MainActivity.kt", "Kotlin", 0, 0, 0, 0, 0, 0, 0, 0, 0, 0, 0, 0, 0, 0, 4, 0, 0, 0, 4, 8
"d:\Android_Dev\Flutter\Projects\notesapp\android\app\src\main\res\drawable-night-v21\launch_background.xml", "XML", 0, 0, 0, 0, 0, 0, 9, 0, 0, 0, 0, 0, 0, 0, 0, 0, 0, 0, 1, 10
"d:\Android_Dev\Flutter\Projects\notesapp\android\app\src\main\res\drawable-night\launch_background.xml", "XML", 0, 0, 0, 0, 0, 0, 9, 0, 0, 0, 0, 0, 0, 0, 0, 0, 0, 0, 1, 10
"d:\Android_Dev\Flutter\Projects\notesapp\android\app\src\main\res\drawable-v21\launch_background.xml", "XML", 0, 0, 0, 0, 0, 0, 9, 0, 0, 0, 0, 0, 0, 0, 0, 0, 0, 0, 1, 10
"d:\Android_Dev\Flutter\Projects\notesapp\android\app\src\main\res\drawable\launch_background.xml", "XML", 0, 0, 0, 0, 0, 0, 9, 0, 0, 0, 0, 0, 0, 0, 0, 0, 0, 0, 1, 10
"d:\Android_Dev\Flutter\Projects\notesapp\android\app\src\main\res\values-night-v31\styles.xml", "XML", 0, 0, 0, 0, 0, 0, 15, 0, 0, 0, 0, 0, 0, 0, 0, 0, 0, 7, 1, 23
"d:\Android_Dev\Flutter\Projects\notesapp\android\app\src\main\res\values-night\styles.xml", "XML", 0, 0, 0, 0, 0, 0, 13, 0, 0, 0, 0, 0, 0, 0, 0, 0, 0, 9, 1, 23
"d:\Android_Dev\Flutter\Projects\notesapp\android\app\src\main\res\values-v31\styles.xml", "XML", 0, 0, 0, 0, 0, 0, 15, 0, 0, 0, 0, 0, 0, 0, 0, 0, 0, 7, 1, 23
"d:\Android_Dev\Flutter\Projects\notesapp\android\app\src\main\res\values\styles.xml", "XML", 0, 0, 0, 0, 0, 0, 13, 0, 0, 0, 0, 0, 0, 0, 0, 0, 0, 9, 1, 23
"d:\Android_Dev\Flutter\Projects\notesapp\android\app\src\main\res\xml\provider_paths.xml", "XML", 0, 0, 0, 0, 0, 0, 6, 0, 0, 0, 0, 0, 0, 0, 0, 0, 0, 2, 2, 10
"d:\Android_Dev\Flutter\Projects\notesapp\android\app\src\profile\AndroidManifest.xml", "XML", 0, 0, 0, 0, 0, 0, 3, 0, 0, 0, 0, 0, 0, 0, 0, 0, 0, 4, 1, 8
"d:\Android_Dev\Flutter\Projects\notesapp\android\build.gradle.kts", "Kotlinscript", 0, 0, 0, 0, 0, 0, 0, 0, 0, 0, 0, 0, 0, 0, 0, 0, 34, 4, 8, 46
"d:\Android_Dev\Flutter\Projects\notesapp\android\build\reports\problems\problems-report.html", "HTML", 0, 0, 0, 0, 0, 0, 0, 0, 0, 0, 0, 0, 548, 0, 0, 0, 0, 2, 114, 664
"d:\Android_Dev\Flutter\Projects\notesapp\android\gradle.properties", "Java Properties", 0, 0, 0, 0, 0, 0, 0, 0, 11, 0, 0, 0, 0, 0, 0, 0, 0, 0, 0, 11
"d:\Android_Dev\Flutter\Projects\notesapp\android\gradle\wrapper\gradle-wrapper.properties", "Java Properties", 0, 0, 0, 0, 0, 0, 0, 0, 7, 0, 0, 0, 0, 0, 0, 0, 0, 0, 1, 8
"d:\Android_Dev\Flutter\Projects\notesapp\android\settings.gradle.kts", "Kotlinscript", 0, 0, 0, 0, 0, 0, 0, 0, 0, 0, 0, 0, 0, 0, 0, 0, 21, 0, 4, 25
"d:\Android_Dev\Flutter\Projects\notesapp\assets\icons\add_note.svg", "XML", 0, 0, 0, 0, 0, 0, 1, 0, 0, 0, 0, 0, 0, 0, 0, 0, 0, 0, 0, 1
"d:\Android_Dev\Flutter\Projects\notesapp\assets\icons\clearchat.svg", "XML", 0, 0, 0, 0, 0, 0, 1, 0, 0, 0, 0, 0, 0, 0, 0, 0, 0, 0, 0, 1
"d:\Android_Dev\Flutter\Projects\notesapp\assets\icons\nothing.svg", "XML", 0, 0, 0, 0, 0, 0, 1, 0, 0, 0, 0, 0, 0, 0, 0, 0, 0, 0, 0, 1
"d:\Android_Dev\Flutter\Projects\notesapp\devtools_options.yaml", "YAML", 0, 3, 0, 0, 0, 0, 0, 0, 0, 0, 0, 0, 0, 0, 0, 0, 0, 0, 1, 4
"d:\Android_Dev\Flutter\Projects\notesapp\gradle_check.ps1", "PowerShell", 0, 0, 0, 0, 0, 0, 0, 0, 0, 0, 0, 0, 0, 0, 0, 50, 0, 3, 7, 60
"d:\Android_Dev\Flutter\Projects\notesapp\ios\RunnerTests\RunnerTests.swift", "Swift", 0, 0, 0, 0, 0, 7, 0, 0, 0, 0, 0, 0, 0, 0, 0, 0, 0, 2, 4, 13
"d:\Android_Dev\Flutter\Projects\notesapp\ios\Runner\AppDelegate.swift", "Swift", 0, 0, 0, 0, 0, 12, 0, 0, 0, 0, 0, 0, 0, 0, 0, 0, 0, 0, 2, 14
"d:\Android_Dev\Flutter\Projects\notesapp\ios\Runner\Assets.xcassets\AppIcon.appiconset\Contents.json", "JSON", 0, 0, 0, 0, 0, 0, 0, 0, 0, 0, 0, 1, 0, 0, 0, 0, 0, 0, 0, 1
"d:\Android_Dev\Flutter\Projects\notesapp\ios\Runner\Assets.xcassets\LaunchBackground.imageset\Contents.json", "JSON", 0, 0, 0, 0, 0, 0, 0, 0, 0, 0, 0, 22, 0, 0, 0, 0, 0, 0, 1, 23
"d:\Android_Dev\Flutter\Projects\notesapp\ios\Runner\Assets.xcassets\LaunchImage.imageset\Contents.json", "JSON", 0, 0, 0, 0, 0, 0, 0, 0, 0, 0, 0, 56, 0, 0, 0, 0, 0, 0, 1, 57
"d:\Android_Dev\Flutter\Projects\notesapp\ios\Runner\Assets.xcassets\LaunchImage.imageset\README.md", "Markdown", 0, 0, 3, 0, 0, 0, 0, 0, 0, 0, 0, 0, 0, 0, 0, 0, 0, 0, 2, 5
"d:\Android_Dev\Flutter\Projects\notesapp\ios\Runner\Base.lproj\LaunchScreen.storyboard", "XML", 0, 0, 0, 0, 0, 0, 43, 0, 0, 0, 0, 0, 0, 0, 0, 0, 0, 1, 1, 45
"d:\Android_Dev\Flutter\Projects\notesapp\ios\Runner\Base.lproj\Main.storyboard", "XML", 0, 0, 0, 0, 0, 0, 25, 0, 0, 0, 0, 0, 0, 0, 0, 0, 0, 1, 1, 27
"d:\Android_Dev\Flutter\Projects\notesapp\ios\Runner\Runner-Bridging-Header.h", "C++", 0, 0, 0, 0, 1, 0, 0, 0, 0, 0, 0, 0, 0, 0, 0, 0, 0, 0, 1, 2
"d:\Android_Dev\Flutter\Projects\notesapp\launcher.yaml", "YAML", 0, 17, 0, 0, 0, 0, 0, 0, 0, 0, 0, 0, 0, 0, 0, 0, 0, 12, 5, 34
"d:\Android_Dev\Flutter\Projects\notesapp\lib\core\Theme\gradients.dart", "Dart", 33, 0, 0, 0, 0, 0, 0, 0, 0, 0, 0, 0, 0, 0, 0, 0, 0, 0, 8, 41
"d:\Android_Dev\Flutter\Projects\notesapp\lib\core\Theme\icon_paths.dart", "Dart", 93, 0, 0, 0, 0, 0, 0, 0, 0, 0, 0, 0, 0, 0, 0, 0, 0, 3, 5, 101
"d:\Android_Dev\Flutter\Projects\notesapp\lib\core\Theme\theme_constants.dart", "Dart", 37, 0, 0, 0, 0, 0, 0, 0, 0, 0, 0, 0, 0, 0, 0, 0, 0, 5, 10, 52
"d:\Android_Dev\Flutter\Projects\notesapp\lib\core\controllers\blurhash_service.dart", "Dart", 179, 0, 0, 0, 0, 0, 0, 0, 0, 0, 0, 0, 0, 0, 0, 0, 0, 22, 35, 236
"d:\Android_Dev\Flutter\Projects\notesapp\lib\core\controllers\camera_handler.dart", "Dart", 144, 0, 0, 0, 0, 0, 0, 0, 0, 0, 0, 0, 0, 0, 0, 0, 0, 12, 35, 191
"d:\Android_Dev\Flutter\Projects\notesapp\lib\core\controllers\isar_database.dart", "Dart", 98, 0, 0, 0, 0, 0, 0, 0, 0, 0, 0, 0, 0, 0, 0, 0, 0, 10, 24, 132
"d:\Android_Dev\Flutter\Projects\notesapp\lib\core\controllers\media_handler.dart", "Dart", 355, 0, 0, 0, 0, 0, 0, 0, 0, 0, 0, 0, 0, 0, 0, 0, 0, 71, 86, 512
"d:\Android_Dev\Flutter\Projects\notesapp\lib\core\controllers\recording_handler.dart", "Dart", 43, 0, 0, 0, 0, 0, 0, 0, 0, 0, 0, 0, 0, 0, 0, 0, 0, 0, 13, 56
"d:\Android_Dev\Flutter\Projects\notesapp\lib\core\controllers\share_intent_handler.dart", "Dart", 213, 0, 0, 0, 0, 0, 0, 0, 0, 0, 0, 0, 0, 0, 0, 0, 0, 14, 25, 252
"d:\Android_Dev\Flutter\Projects\notesapp\lib\core\controllers\theme_provider.dart", "Dart", 62, 0, 0, 0, 0, 0, 0, 0, 0, 0, 0, 0, 0, 0, 0, 0, 0, 5, 12, 79
"d:\Android_Dev\Flutter\Projects\notesapp\lib\core\controllers\user_provider.dart", "Dart", 41, 0, 0, 0, 0, 0, 0, 0, 0, 0, 0, 0, 0, 0, 0, 0, 0, 3, 5, 49
"d:\Android_Dev\Flutter\Projects\notesapp\lib\core\extensions\chat_extensions.dart", "Dart", 35, 0, 0, 0, 0, 0, 0, 0, 0, 0, 0, 0, 0, 0, 0, 0, 0, 0, 4, 39
"d:\Android_Dev\Flutter\Projects\notesapp\lib\core\extensions\chat_list_extension.dart", "Dart", 0, 0, 0, 0, 0, 0, 0, 0, 0, 0, 0, 0, 0, 0, 0, 0, 0, 93, 23, 116
"d:\Android_Dev\Flutter\Projects\notesapp\lib\core\extensions\chat_list_isar_extensions.dart", "Dart", 60, 0, 0, 0, 0, 0, 0, 0, 0, 0, 0, 0, 0, 0, 0, 0, 0, 25, 19, 104
"d:\Android_Dev\Flutter\Projects\notesapp\lib\core\extensions\context_extensions.dart", "Dart", 8, 0, 0, 0, 0, 0, 0, 0, 0, 0, 0, 0, 0, 0, 0, 0, 0, 1, 1, 10
"d:\Android_Dev\Flutter\Projects\notesapp\lib\core\extensions\media_extensions.dart", "Dart", 40, 0, 0, 0, 0, 0, 0, 0, 0, 0, 0, 0, 0, 0, 0, 0, 0, 3, 9, 52
"d:\Android_Dev\Flutter\Projects\notesapp\lib\core\extensions\message_extensions.dart", "Dart", 13, 0, 0, 0, 0, 0, 0, 0, 0, 0, 0, 0, 0, 0, 0, 0, 0, 0, 4, 17
"d:\Android_Dev\Flutter\Projects\notesapp\lib\core\extensions\message_list_extensions.dart", "Dart", 136, 0, 0, 0, 0, 0, 0, 0, 0, 0, 0, 0, 0, 0, 0, 0, 0, 6, 30, 172
"d:\Android_Dev\Flutter\Projects\notesapp\lib\core\extensions\string_extensions.dart", "Dart", 4, 0, 0, 0, 0, 0, 0, 0, 0, 0, 0, 0, 0, 0, 0, 0, 0, 0, 1, 5
"d:\Android_Dev\Flutter\Projects\notesapp\lib\core\extensions\time_extensions.dart", "Dart", 6, 0, 0, 0, 0, 0, 0, 0, 0, 0, 0, 0, 0, 0, 0, 0, 0, 0, 2, 8
"d:\Android_Dev\Flutter\Projects\notesapp\lib\core\utils\context_menu_options.dart", "Dart", 329, 0, 0, 0, 0, 0, 0, 0, 0, 0, 0, 0, 0, 0, 0, 0, 0, 12, 17, 358
"d:\Android_Dev\Flutter\Projects\notesapp\lib\core\utils\global_keys.dart", "Dart", 3, 0, 0, 0, 0, 0, 0, 0, 0, 0, 0, 0, 0, 0, 0, 0, 0, 0, 1, 4
"d:\Android_Dev\Flutter\Projects\notesapp\lib\core\utils\rebuild_counter.dart", "Dart", 15, 0, 0, 0, 0, 0, 0, 0, 0, 0, 0, 0, 0, 0, 0, 0, 0, 0, 4, 19
"d:\Android_Dev\Flutter\Projects\notesapp\lib\core\utils\time_format.dart", "Dart", 68, 0, 0, 0, 0, 0, 0, 0, 0, 0, 0, 0, 0, 0, 0, 0, 0, 2, 11, 81
"d:\Android_Dev\Flutter\Projects\notesapp\lib\core\utils\utils.dart", "Dart", 207, 0, 0, 0, 0, 0, 0, 0, 0, 0, 0, 0, 0, 0, 0, 0, 0, 12, 34, 253
"d:\Android_Dev\Flutter\Projects\notesapp\lib\main.dart", "Dart", 61, 0, 0, 0, 0, 0, 0, 0, 0, 0, 0, 0, 0, 0, 0, 0, 0, 3, 11, 75
"d:\Android_Dev\Flutter\Projects\notesapp\lib\root\data\chat_list_provider\chat_list_notifier.dart", "Dart", 150, 0, 0, 0, 0, 0, 0, 0, 0, 0, 0, 0, 0, 0, 0, 0, 0, 14, 36, 200
"d:\Android_Dev\Flutter\Projects\notesapp\lib\root\data\chat_list_provider\prompt.dart", "Dart", 0, 0, 0, 0, 0, 0, 0, 0, 0, 0, 0, 0, 0, 0, 0, 0, 0, 5308, 773, 6081
"d:\Android_Dev\Flutter\Projects\notesapp\lib\root\data\dummy_data\dummy_chats.dart", "Dart", 50, 0, 0, 0, 0, 0, 0, 0, 0, 0, 0, 0, 0, 0, 0, 0, 0, 0, 2, 52
"d:\Android_Dev\Flutter\Projects\notesapp\lib\root\data\enums\bubble_color.dart", "Dart", 5, 0, 0, 0, 0, 0, 0, 0, 0, 0, 0, 0, 0, 0, 0, 0, 0, 0, 0, 5
"d:\Android_Dev\Flutter\Projects\notesapp\lib\root\data\enums\bubble_style.dart", "Dart", 4, 0, 0, 0, 0, 0, 0, 0, 0, 0, 0, 0, 0, 0, 0, 0, 0, 1, 0, 5
"d:\Android_Dev\Flutter\Projects\notesapp\lib\root\data\enums\chat_media.dart", "Dart", 6, 0, 0, 0, 0, 0, 0, 0, 0, 0, 0, 0, 0, 0, 0, 0, 0, 0, 0, 6
"d:\Android_Dev\Flutter\Projects\notesapp\lib\root\data\enums\chatlist_filter.dart", "Dart", 7, 0, 0, 0, 0, 0, 0, 0, 0, 0, 0, 0, 0, 0, 0, 0, 0, 0, 0, 7
"d:\Android_Dev\Flutter\Projects\notesapp\lib\root\data\enums\media_type.dart", "Dart", 14, 0, 0, 0, 0, 0, 0, 0, 0, 0, 0, 0, 0, 0, 0, 0, 0, 0, 0, 14
"d:\Android_Dev\Flutter\Projects\notesapp\lib\root\data\models\chat_model.dart", "Dart", 61, 0, 0, 0, 0, 0, 0, 0, 0, 0, 0, 0, 0, 0, 0, 0, 0, 2, 15, 78
"d:\Android_Dev\Flutter\Projects\notesapp\lib\root\data\models\chat_model.g.dart", "Dart", 1525, 0, 0, 0, 0, 0, 0, 0, 0, 0, 0, 0, 0, 0, 0, 0, 0, 6, 157, 1688
"d:\Android_Dev\Flutter\Projects\notesapp\lib\root\data\models\media_model.dart", "Dart", 145, 0, 0, 0, 0, 0, 0, 0, 0, 0, 0, 0, 0, 0, 0, 0, 0, 11, 24, 180
"d:\Android_Dev\Flutter\Projects\notesapp\lib\root\data\models\media_model.g.dart", "Dart", 1899, 0, 0, 0, 0, 0, 0, 0, 0, 0, 0, 0, 0, 0, 0, 0, 0, 6, 194, 2099
"d:\Android_Dev\Flutter\Projects\notesapp\lib\root\data\models\message_model.dart", "Dart", 59, 0, 0, 0, 0, 0, 0, 0, 0, 0, 0, 0, 0, 0, 0, 0, 0, 2, 13, 74
"d:\Android_Dev\Flutter\Projects\notesapp\lib\root\data\models\message_model.g.dart", "Dart", 778, 0, 0, 0, 0, 0, 0, 0, 0, 0, 0, 0, 0, 0, 0, 0, 0, 6, 84, 868
"d:\Android_Dev\Flutter\Projects\notesapp\lib\root\data\models\settings_model.dart", "Dart", 55, 0, 0, 0, 0, 0, 0, 0, 0, 0, 0, 0, 0, 0, 0, 0, 0, 6, 14, 75
"d:\Android_Dev\Flutter\Projects\notesapp\lib\root\data\models\settings_model.g.dart", "Dart", 426, 0, 0, 0, 0, 0, 0, 0, 0, 0, 0, 0, 0, 0, 0, 0, 0, 6, 54, 486
"d:\Android_Dev\Flutter\Projects\notesapp\lib\root\data\models\user_model.dart", "Dart", 21, 0, 0, 0, 0, 0, 0, 0, 0, 0, 0, 0, 0, 0, 0, 0, 0, 0, 8, 29
"d:\Android_Dev\Flutter\Projects\notesapp\lib\root\data\models\user_model.g.dart", "Dart", 595, 0, 0, 0, 0, 0, 0, 0, 0, 0, 0, 0, 0, 0, 0, 0, 0, 6, 64, 665
"d:\Android_Dev\Flutter\Projects\notesapp\lib\root\screens\Camera\camera_grid_overlay.dart", "Dart", 34, 0, 0, 0, 0, 0, 0, 0, 0, 0, 0, 0, 0, 0, 0, 0, 0, 2, 8, 44
"d:\Android_Dev\Flutter\Projects\notesapp\lib\root\screens\Camera\camera_mode_selector.dart", "Dart", 49, 0, 0, 0, 0, 0, 0, 0, 0, 0, 0, 0, 0, 0, 0, 0, 0, 0, 6, 55
"d:\Android_Dev\Flutter\Projects\notesapp\lib\root\screens\Camera\camera_screen.dart", "Dart", 123, 0, 0, 0, 0, 0, 0, 0, 0, 0, 0, 0, 0, 0, 0, 0, 0, 9, 11, 143
"d:\Android_Dev\Flutter\Projects\notesapp\lib\root\screens\Camera\camera_tool_panel.dart", "Dart", 161, 0, 0, 0, 0, 0, 0, 0, 0, 0, 0, 0, 0, 0, 0, 0, 0, 20, 20, 201
"d:\Android_Dev\Flutter\Projects\notesapp\lib\root\screens\Chat_Detail\chat_detail_base_state.dart", "Dart", 253, 0, 0, 0, 0, 0, 0, 0, 0, 0, 0, 0, 0, 0, 0, 0, 0, 21, 34, 308
"d:\Android_Dev\Flutter\Projects\notesapp\lib\root\screens\Chat_Detail\chat_detail_notifier.dart", "Dart", 99, 0, 0, 0, 0, 0, 0, 0, 0, 0, 0, 0, 0, 0, 0, 0, 0, 31, 29, 159
"d:\Android_Dev\Flutter\Projects\notesapp\lib\root\screens\Chat_Detail\chat_detail_screen.dart", "Dart", 365, 0, 0, 0, 0, 0, 0, 0, 0, 0, 0, 0, 0, 0, 0, 0, 0, 21, 23, 409
"d:\Android_Dev\Flutter\Projects\notesapp\lib\root\screens\Chat_Detail\screens\chat_detail_screen_divided.dart", "Dart", 422, 0, 0, 0, 0, 0, 0, 0, 0, 0, 0, 0, 0, 0, 0, 0, 0, 29, 31, 482
"d:\Android_Dev\Flutter\Projects\notesapp\lib\root\screens\Chat_Detail\screens\chat_media_screen.dart", "Dart", 199, 0, 0, 0, 0, 0, 0, 0, 0, 0, 0, 0, 0, 0, 0, 0, 0, 3, 6, 208
"d:\Android_Dev\Flutter\Projects\notesapp\lib\root\screens\Chat_Detail\widgets\info_bottom_sheet.dart", "Dart", 105, 0, 0, 0, 0, 0, 0, 0, 0, 0, 0, 0, 0, 0, 0, 0, 0, 2, 8, 115
"d:\Android_Dev\Flutter\Projects\notesapp\lib\root\screens\Chat_Forward\chat_forward_screen.dart", "Dart", 85, 0, 0, 0, 0, 0, 0, 0, 0, 0, 0, 0, 0, 0, 0, 0, 0, 1, 7, 93
"d:\Android_Dev\Flutter\Projects\notesapp\lib\root\screens\Chat_Forward\notifier\selected_chat_notifier.dart", "Dart", 57, 0, 0, 0, 0, 0, 0, 0, 0, 0, 0, 0, 0, 0, 0, 0, 0, 4, 18, 79
"d:\Android_Dev\Flutter\Projects\notesapp\lib\root\screens\Chat_Forward\widgets\blurred_appbar.dart", "Dart", 68, 0, 0, 0, 0, 0, 0, 0, 0, 0, 0, 0, 0, 0, 0, 0, 0, 2, 8, 78
"d:\Android_Dev\Flutter\Projects\notesapp\lib\root\screens\Chat_Forward\widgets\expanding_searchbar.dart", "Dart", 175, 0, 0, 0, 0, 0, 0, 0, 0, 0, 0, 0, 0, 0, 0, 0, 0, 9, 19, 203
"d:\Android_Dev\Flutter\Projects\notesapp\lib\root\screens\Chat_Forward\widgets\selection_check.dart", "Dart", 50, 0, 0, 0, 0, 0, 0, 0, 0, 0, 0, 0, 0, 0, 0, 0, 0, 0, 4, 54
"d:\Android_Dev\Flutter\Projects\notesapp\lib\root\screens\Chat_Forward\widgets\send_button.dart", "Dart", 64, 0, 0, 0, 0, 0, 0, 0, 0, 0, 0, 0, 0, 0, 0, 0, 0, 1, 6, 71
"d:\Android_Dev\Flutter\Projects\notesapp\lib\root\screens\Chat_screen\bodies\chat_screen_glass_body.dart", "Dart", 75, 0, 0, 0, 0, 0, 0, 0, 0, 0, 0, 0, 0, 0, 0, 0, 0, 3, 8, 86
"d:\Android_Dev\Flutter\Projects\notesapp\lib\root\screens\Chat_screen\chat_screen.dart", "Dart", 148, 0, 0, 0, 0, 0, 0, 0, 0, 0, 0, 0, 0, 0, 0, 0, 0, 22, 16, 186
"d:\Android_Dev\Flutter\Projects\notesapp\lib\root\screens\Chat_screen\notifier\chat_state.dart", "Dart", 86, 0, 0, 0, 0, 0, 0, 0, 0, 0, 0, 0, 0, 0, 0, 0, 0, 15, 19, 120
"d:\Android_Dev\Flutter\Projects\notesapp\lib\root\screens\Chat_screen\notifier\chat_state_notifier.dart", "Dart", 802, 0, 0, 0, 0, 0, 0, 0, 0, 0, 0, 0, 0, 0, 0, 0, 0, 104, 151, 1057
"d:\Android_Dev\Flutter\Projects\notesapp\lib\root\screens\Chat_screen\notifier\chat_state_notifier_5.dart", "Dart", 799, 0, 0, 0, 0, 0, 0, 0, 0, 0, 0, 0, 0, 0, 0, 0, 0, 65, 146, 1010
"d:\Android_Dev\Flutter\Projects\notesapp\lib\root\screens\Chat_screen\notifier\chat_state_notifier_o.dart", "Dart", 0, 0, 0, 0, 0, 0, 0, 0, 0, 0, 0, 0, 0, 0, 0, 0, 0, 652, 136, 788
"d:\Android_Dev\Flutter\Projects\notesapp\lib\root\screens\Chat_screen\notifier\old_notifiers\chat_screen_notifier.dart", "Dart", 0, 0, 0, 0, 0, 0, 0, 0, 0, 0, 0, 0, 0, 0, 0, 0, 0, 202, 48, 250
"d:\Android_Dev\Flutter\Projects\notesapp\lib\root\screens\Chat_screen\notifier\old_notifiers\chat_screen_notifier_2.dart", "Dart", 0, 0, 0, 0, 0, 0, 0, 0, 0, 0, 0, 0, 0, 0, 0, 0, 0, 262, 59, 321
"d:\Android_Dev\Flutter\Projects\notesapp\lib\root\screens\Chat_screen\notifier\old_notifiers\chat_screen_notifier_3.dart", "Dart", 363, 0, 0, 0, 0, 0, 0, 0, 0, 0, 0, 0, 0, 0, 0, 0, 0, 120, 78, 561
"d:\Android_Dev\Flutter\Projects\notesapp\lib\root\screens\Chat_screen\widgets\components\attachment_board.dart", "Dart", 277, 0, 0, 0, 0, 0, 0, 0, 0, 0, 0, 0, 0, 0, 0, 0, 0, 43, 37, 357
"d:\Android_Dev\Flutter\Projects\notesapp\lib\root\screens\Chat_screen\widgets\components\auto_hide_scroll_to_bottom.dart", "Dart", 77, 0, 0, 0, 0, 0, 0, 0, 0, 0, 0, 0, 0, 0, 0, 0, 0, 1, 11, 89
"d:\Android_Dev\Flutter\Projects\notesapp\lib\root\screens\Chat_screen\widgets\components\bottom_message_bar.dart", "Dart", 217, 0, 0, 0, 0, 0, 0, 0, 0, 0, 0, 0, 0, 0, 0, 0, 0, 6, 14, 237
"d:\Android_Dev\Flutter\Projects\notesapp\lib\root\screens\Chat_screen\widgets\components\chat_appbar.dart", "Dart", 120, 0, 0, 0, 0, 0, 0, 0, 0, 0, 0, 0, 0, 0, 0, 0, 0, 4, 4, 128
"d:\Android_Dev\Flutter\Projects\notesapp\lib\root\screens\Chat_screen\widgets\components\date_chip.dart", "Dart", 82, 0, 0, 0, 0, 0, 0, 0, 0, 0, 0, 0, 0, 0, 0, 0, 0, 5, 13, 100
"d:\Android_Dev\Flutter\Projects\notesapp\lib\root\screens\Chat_screen\widgets\components\emoji_board.dart", "Dart", 52, 0, 0, 0, 0, 0, 0, 0, 0, 0, 0, 0, 0, 0, 0, 0, 0, 0, 4, 56
"d:\Android_Dev\Flutter\Projects\notesapp\lib\root\screens\Chat_screen\widgets\components\message_bubble\content\audio_message_view.dart", "Dart", 37, 0, 0, 0, 0, 0, 0, 0, 0, 0, 0, 0, 0, 0, 0, 0, 0, 3, 7, 47
"d:\Android_Dev\Flutter\Projects\notesapp\lib\root\screens\Chat_screen\widgets\components\message_bubble\content\document_message_view.dart", "Dart", 112, 0, 0, 0, 0, 0, 0, 0, 0, 0, 0, 0, 0, 0, 0, 0, 0, 5, 9, 126
"d:\Android_Dev\Flutter\Projects\notesapp\lib\root\screens\Chat_screen\widgets\components\message_bubble\content\gif_message_view.dart", "Dart", 53, 0, 0, 0, 0, 0, 0, 0, 0, 0, 0, 0, 0, 0, 0, 0, 0, 3, 7, 63
"d:\Android_Dev\Flutter\Projects\notesapp\lib\root\screens\Chat_screen\widgets\components\message_bubble\content\image_message_view.dart", "Dart", 139, 0, 0, 0, 0, 0, 0, 0, 0, 0, 0, 0, 0, 0, 0, 0, 0, 111, 24, 274
"d:\Android_Dev\Flutter\Projects\notesapp\lib\root\screens\Chat_screen\widgets\components\message_bubble\content\thread_message_view.dart", "Dart", 285, 0, 0, 0, 0, 0, 0, 0, 0, 0, 0, 0, 0, 0, 0, 0, 0, 5, 22, 312
"d:\Android_Dev\Flutter\Projects\notesapp\lib\root\screens\Chat_screen\widgets\components\message_bubble\helpers\bubble_color_scheme.dart", "Dart", 111, 0, 0, 0, 0, 0, 0, 0, 0, 0, 0, 0, 0, 0, 0, 0, 0, 12, 18, 141
"d:\Android_Dev\Flutter\Projects\notesapp\lib\root\screens\Chat_screen\widgets\components\message_bubble\helpers\ripple_well.dart", "Dart", 56, 0, 0, 0, 0, 0, 0, 0, 0, 0, 0, 0, 0, 0, 0, 0, 0, 1, 7, 64
"d:\Android_Dev\Flutter\Projects\notesapp\lib\root\screens\Chat_screen\widgets\components\message_bubble\helpers\swipable.dart", "Dart", 111, 0, 0, 0, 0, 0, 0, 0, 0, 0, 0, 0, 0, 0, 0, 0, 0, 5, 14, 130
"d:\Android_Dev\Flutter\Projects\notesapp\lib\root\screens\Chat_screen\widgets\components\message_bubble\message_bubble.dart", "Dart", 238, 0, 0, 0, 0, 0, 0, 0, 0, 0, 0, 0, 0, 0, 0, 0, 0, 8, 20, 266
"d:\Android_Dev\Flutter\Projects\notesapp\lib\root\screens\Chat_screen\widgets\components\message_bubble\message_content_builder.dart", "Dart", 91, 0, 0, 0, 0, 0, 0, 0, 0, 0, 0, 0, 0, 0, 0, 0, 0, 2, 9, 102
"d:\Android_Dev\Flutter\Projects\notesapp\lib\root\screens\Chat_screen\widgets\components\recording\elapsed_timer.dart", "Dart", 65, 0, 0, 0, 0, 0, 0, 0, 0, 0, 0, 0, 0, 0, 0, 0, 0, 1, 12, 78
"d:\Android_Dev\Flutter\Projects\notesapp\lib\root\screens\Chat_screen\widgets\components\recording\record_bar.dart", "Dart", 172, 0, 0, 0, 0, 0, 0, 0, 0, 0, 0, 0, 0, 0, 0, 0, 0, 22, 24, 218
"d:\Android_Dev\Flutter\Projects\notesapp\lib\root\screens\Chat_screen\widgets\components\recording\siri_waves\inline_live_wave.dart", "Dart", 146, 0, 0, 0, 0, 0, 0, 0, 0, 0, 0, 0, 0, 0, 0, 0, 0, 17, 32, 195
"d:\Android_Dev\Flutter\Projects\notesapp\lib\root\screens\Chat_screen\widgets\components\recording\siri_waves\overlay_siri_wave.dart", "Dart", 152, 0, 0, 0, 0, 0, 0, 0, 0, 0, 0, 0, 0, 0, 0, 0, 0, 13, 30, 195
"d:\Android_Dev\Flutter\Projects\notesapp\lib\root\screens\Chat_screen\widgets\components\recording\siri_waves\siri_wave.dart", "Dart", 0, 0, 0, 0, 0, 0, 0, 0, 0, 0, 0, 0, 0, 0, 0, 0, 0, 65, 12, 77
"d:\Android_Dev\Flutter\Projects\notesapp\lib\root\screens\Chat_screen\widgets\components\reply_anchor.dart", "Dart", 144, 0, 0, 0, 0, 0, 0, 0, 0, 0, 0, 0, 0, 0, 0, 0, 0, 4, 8, 156
"d:\Android_Dev\Flutter\Projects\notesapp\lib\root\screens\Chat_screen\widgets\components\reply_wrapper.dart", "Dart", 83, 0, 0, 0, 0, 0, 0, 0, 0, 0, 0, 0, 0, 0, 0, 0, 0, 8, 13, 104
"d:\Android_Dev\Flutter\Projects\notesapp\lib\root\screens\Chat_screen\widgets\wrappers\anchor_wrapper.dart", "Dart", 22, 0, 0, 0, 0, 0, 0, 0, 0, 0, 0, 0, 0, 0, 0, 0, 0, 45, 16, 83
"d:\Android_Dev\Flutter\Projects\notesapp\lib\root\screens\Chat_screen\widgets\wrappers\attachment\attachment_wrapper.dart", "Dart", 0, 0, 0, 0, 0, 0, 0, 0, 0, 0, 0, 0, 0, 0, 0, 0, 0, 123, 24, 147
"d:\Android_Dev\Flutter\Projects\notesapp\lib\root\screens\Chat_screen\widgets\wrappers\attachment\desaturator.dart", "Dart", 46, 0, 0, 0, 0, 0, 0, 0, 0, 0, 0, 0, 0, 0, 0, 0, 0, 10, 15, 71
"d:\Android_Dev\Flutter\Projects\notesapp\lib\root\screens\Chat_screen\widgets\wrappers\attachment\overlay_controller.dart", "Dart", 0, 0, 0, 0, 0, 0, 0, 0, 0, 0, 0, 0, 0, 0, 0, 0, 0, 12, 4, 16
"d:\Android_Dev\Flutter\Projects\notesapp\lib\root\screens\Chat_screen\widgets\wrappers\bottom_message_bar_wrapper.dart", "Dart", 75, 0, 0, 0, 0, 0, 0, 0, 0, 0, 0, 0, 0, 0, 0, 0, 0, 49, 20, 144
"d:\Android_Dev\Flutter\Projects\notesapp\lib\root\screens\Chat_screen\widgets\wrappers\chat_appbar_wrapper.dart", "Dart", 84, 0, 0, 0, 0, 0, 0, 0, 0, 0, 0, 0, 0, 0, 0, 0, 0, 0, 11, 95
"d:\Android_Dev\Flutter\Projects\notesapp\lib\root\screens\Chat_screen\widgets\wrappers\chat_searchbar.dart", "Dart", 82, 0, 0, 0, 0, 0, 0, 0, 0, 0, 0, 0, 0, 0, 0, 0, 0, 1, 8, 91
"d:\Android_Dev\Flutter\Projects\notesapp\lib\root\screens\Chat_screen\widgets\wrappers\emerging_overlay.dart", "Dart", 72, 0, 0, 0, 0, 0, 0, 0, 0, 0, 0, 0, 0, 0, 0, 0, 0, 4, 15, 91
"d:\Android_Dev\Flutter\Projects\notesapp\lib\root\screens\Chat_screen\widgets\wrappers\emoji_board_wrapper.dart", "Dart", 35, 0, 0, 0, 0, 0, 0, 0, 0, 0, 0, 0, 0, 0, 0, 0, 0, 0, 9, 44
"d:\Android_Dev\Flutter\Projects\notesapp\lib\root\screens\Chat_screen\widgets\wrappers\message_list_wrapper.dart", "Dart", 198, 0, 0, 0, 0, 0, 0, 0, 0, 0, 0, 0, 0, 0, 0, 0, 0, 13, 21, 232
"d:\Android_Dev\Flutter\Projects\notesapp\lib\root\screens\Chat_screen\widgets\wrappers\overlays\overlay_handler.dart", "Dart", 256, 0, 0, 0, 0, 0, 0, 0, 0, 0, 0, 0, 0, 0, 0, 0, 0, 51, 60, 367
"d:\Android_Dev\Flutter\Projects\notesapp\lib\root\screens\Homescreen\components\chat_tile.dart", "Dart", 140, 0, 0, 0, 0, 0, 0, 0, 0, 0, 0, 0, 0, 0, 0, 0, 0, 8, 6, 154
"d:\Android_Dev\Flutter\Projects\notesapp\lib\root\screens\Homescreen\components\chat_tile_og.dart", "Dart", 73, 0, 0, 0, 0, 0, 0, 0, 0, 0, 0, 0, 0, 0, 0, 0, 0, 1, 5, 79
"d:\Android_Dev\Flutter\Projects\notesapp\lib\root\screens\Homescreen\components\doc_icon.dart", "Dart", 42, 0, 0, 0, 0, 0, 0, 0, 0, 0, 0, 0, 0, 0, 0, 0, 0, 6, 5, 53
"d:\Android_Dev\Flutter\Projects\notesapp\lib\root\screens\Homescreen\homescreen.dart", "Dart", 204, 0, 0, 0, 0, 0, 0, 0, 0, 0, 0, 0, 0, 0, 0, 0, 0, 7, 7, 218
"d:\Android_Dev\Flutter\Projects\notesapp\lib\root\screens\Homescreen\homescreen_state.dart", "Dart", 118, 0, 0, 0, 0, 0, 0, 0, 0, 0, 0, 0, 0, 0, 0, 0, 0, 3, 17, 138
"d:\Android_Dev\Flutter\Projects\notesapp\lib\root\screens\Load_test\screens\home_test_screen.dart", "Dart", 29, 0, 0, 0, 0, 0, 0, 0, 0, 0, 0, 0, 0, 0, 0, 0, 0, 16, 4, 49
"d:\Android_Dev\Flutter\Projects\notesapp\lib\root\screens\Load_test\screens\profile_screen.dart", "Dart", 60, 0, 0, 0, 0, 0, 0, 0, 0, 0, 0, 0, 0, 0, 0, 0, 0, 0, 3, 63
"d:\Android_Dev\Flutter\Projects\notesapp\lib\root\screens\Load_test\screens\slide_screen_test.dart", "Dart", 49, 0, 0, 0, 0, 0, 0, 0, 0, 0, 0, 0, 0, 0, 0, 0, 0, 0, 7, 56
"d:\Android_Dev\Flutter\Projects\notesapp\lib\root\screens\Load_test\screens\sliding_profile_wrapper\sliding_profile_controller.dart", "Dart", 21, 0, 0, 0, 0, 0, 0, 0, 0, 0, 0, 0, 0, 0, 0, 0, 0, 0, 6, 27
"d:\Android_Dev\Flutter\Projects\notesapp\lib\root\screens\Load_test\screens\sliding_profile_wrapper\sliding_profile_screen_wrapper.dart", "Dart", 144, 0, 0, 0, 0, 0, 0, 0, 0, 0, 0, 0, 0, 0, 0, 0, 0, 32, 31, 207
"d:\Android_Dev\Flutter\Projects\notesapp\lib\root\screens\Load_test\widgets\coin_animation.dart", "Dart", 45, 0, 0, 0, 0, 0, 0, 0, 0, 0, 0, 0, 0, 0, 0, 0, 0, 4, 10, 59
"d:\Android_Dev\Flutter\Projects\notesapp\lib\root\screens\Load_test\widgets\coin_animation_2.dart", "Dart", 48, 0, 0, 0, 0, 0, 0, 0, 0, 0, 0, 0, 0, 0, 0, 0, 0, 0, 8, 56
"d:\Android_Dev\Flutter\Projects\notesapp\lib\root\screens\Load_test\widgets\coin_animation_controllable.dart", "Dart", 123, 0, 0, 0, 0, 0, 0, 0, 0, 0, 0, 0, 0, 0, 0, 0, 0, 3, 22, 148
"d:\Android_Dev\Flutter\Projects\notesapp\lib\root\screens\Load_test\widgets\coin_loading_animation.dart", "Dart", 46, 0, 0, 0, 0, 0, 0, 0, 0, 0, 0, 0, 0, 0, 0, 0, 0, 8, 8, 62
"d:\Android_Dev\Flutter\Projects\notesapp\lib\root\screens\Load_test\widgets\custom_pull_to_refresh.dart", "Dart", 135, 0, 0, 0, 0, 0, 0, 0, 0, 0, 0, 0, 0, 0, 0, 0, 0, 5, 19, 159
"d:\Android_Dev\Flutter\Projects\notesapp\lib\root\screens\Load_test\widgets\custom_pull_to_refresh_2.dart", "Dart", 159, 0, 0, 0, 0, 0, 0, 0, 0, 0, 0, 0, 0, 0, 0, 0, 0, 11, 25, 195
"d:\Android_Dev\Flutter\Projects\notesapp\lib\root\screens\Load_test\widgets\pulldown_wrapper.dart", "Dart", 98, 0, 0, 0, 0, 0, 0, 0, 0, 0, 0, 0, 0, 0, 0, 0, 0, 3, 12, 113
"d:\Android_Dev\Flutter\Projects\notesapp\lib\root\screens\Load_test\widgets\repeat_wrapper.dart", "Dart", 88, 0, 0, 0, 0, 0, 0, 0, 0, 0, 0, 0, 0, 0, 0, 0, 0, 6, 21, 115
"d:\Android_Dev\Flutter\Projects\notesapp\lib\root\screens\Profile\profile_screen.dart", "Dart", 244, 0, 0, 0, 0, 0, 0, 0, 0, 0, 0, 0, 0, 0, 0, 0, 0, 3, 17, 264
"d:\Android_Dev\Flutter\Projects\notesapp\lib\root\screens\Profile\profile_screen_state.dart", "Dart", 274, 0, 0, 0, 0, 0, 0, 0, 0, 0, 0, 0, 0, 0, 0, 0, 0, 23, 40, 337
"d:\Android_Dev\Flutter\Projects\notesapp\lib\root\screens\Profile\widgets\tile_container.dart", "Dart", 185, 0, 0, 0, 0, 0, 0, 0, 0, 0, 0, 0, 0, 0, 0, 0, 0, 24, 26, 235
"d:\Android_Dev\Flutter\Projects\notesapp\lib\root\screens\Profile\wrappers\hero_wrapper.dart", "Dart", 168, 0, 0, 0, 0, 0, 0, 0, 0, 0, 0, 0, 0, 0, 0, 0, 0, 27, 15, 210
"d:\Android_Dev\Flutter\Projects\notesapp\lib\root\screens\Profile\wrappers\parent_slide_wrapper.dart", "Dart", 52, 0, 0, 0, 0, 0, 0, 0, 0, 0, 0, 0, 0, 0, 0, 0, 0, 19, 7, 78
"d:\Android_Dev\Flutter\Projects\notesapp\lib\root\screens\Profile\wrappers\reverse_cupertino_page_route.dart", "Dart", 34, 0, 0, 0, 0, 0, 0, 0, 0, 0, 0, 0, 0, 0, 0, 0, 0, 4, 6, 44
"d:\Android_Dev\Flutter\Projects\notesapp\lib\root\screens\Settings\notifier\settings_notifier.dart", "Dart", 39, 0, 0, 0, 0, 0, 0, 0, 0, 0, 0, 0, 0, 0, 0, 0, 0, 2, 8, 49
"d:\Android_Dev\Flutter\Projects\notesapp\lib\root\screens\Settings\settings_screen.dart", "Dart", 105, 0, 0, 0, 0, 0, 0, 0, 0, 0, 0, 0, 0, 0, 0, 0, 0, 3, 8, 116
"d:\Android_Dev\Flutter\Projects\notesapp\lib\root\screens\Settings\widgets\bordered_container.dart", "Dart", 60, 0, 0, 0, 0, 0, 0, 0, 0, 0, 0, 0, 0, 0, 0, 0, 0, 0, 3, 63
"d:\Android_Dev\Flutter\Projects\notesapp\lib\root\screens\Settings\widgets\emerging_circle.dart", "Dart", 54, 0, 0, 0, 0, 0, 0, 0, 0, 0, 0, 0, 0, 0, 0, 0, 0, 26, 13, 93
"d:\Android_Dev\Flutter\Projects\notesapp\lib\root\screens\Settings\widgets\rounded_tile.dart", "Dart", 123, 0, 0, 0, 0, 0, 0, 0, 0, 0, 0, 0, 0, 0, 0, 0, 0, 8, 9, 140
"d:\Android_Dev\Flutter\Projects\notesapp\lib\root\screens\Test\thread_test_screen.dart", "Dart", 11, 0, 0, 0, 0, 0, 0, 0, 0, 0, 0, 0, 0, 0, 0, 0, 0, 0, 2, 13
"d:\Android_Dev\Flutter\Projects\notesapp\lib\root\widgets\clickable_circle.dart", "Dart", 112, 0, 0, 0, 0, 0, 0, 0, 0, 0, 0, 0, 0, 0, 0, 0, 0, 4, 13, 129
"d:\Android_Dev\Flutter\Projects\notesapp\lib\root\widgets\context_menus\custom_context_menu.dart", "Dart", 119, 0, 0, 0, 0, 0, 0, 0, 0, 0, 0, 0, 0, 0, 0, 0, 0, 3, 14, 136
"d:\Android_Dev\Flutter\Projects\notesapp\lib\root\widgets\context_menus\custom_context_menu_2.dart", "Dart", 69, 0, 0, 0, 0, 0, 0, 0, 0, 0, 0, 0, 0, 0, 0, 0, 0, 4, 10, 83
"d:\Android_Dev\Flutter\Projects\notesapp\lib\root\widgets\context_menus\triangular_tail.dart", "Dart", 51, 0, 0, 0, 0, 0, 0, 0, 0, 0, 0, 0, 0, 0, 0, 0, 0, 9, 15, 75
"d:\Android_Dev\Flutter\Projects\notesapp\lib\root\widgets\crop\crop_screen.dart", "Dart", 160, 0, 0, 0, 0, 0, 0, 0, 0, 0, 0, 0, 0, 0, 0, 0, 0, 12, 32, 204
"d:\Android_Dev\Flutter\Projects\notesapp\lib\root\widgets\crop\croppyImage.dart", "Dart", 75, 0, 0, 0, 0, 0, 0, 0, 0, 0, 0, 0, 0, 0, 0, 0, 0, 13, 19, 107
"d:\Android_Dev\Flutter\Projects\notesapp\lib\root\widgets\custom_icon_button.dart", "Dart", 40, 0, 0, 0, 0, 0, 0, 0, 0, 0, 0, 0, 0, 0, 0, 0, 0, 0, 4, 44
"d:\Android_Dev\Flutter\Projects\notesapp\lib\root\widgets\custom_icon_dialogue.dart", "Dart", 96, 0, 0, 0, 0, 0, 0, 0, 0, 0, 0, 0, 0, 0, 0, 0, 0, 0, 3, 99
"d:\Android_Dev\Flutter\Projects\notesapp\lib\root\widgets\glass_container.dart", "Dart", 47, 0, 0, 0, 0, 0, 0, 0, 0, 0, 0, 0, 0, 0, 0, 0, 0, 0, 4, 51
"d:\Android_Dev\Flutter\Projects\notesapp\lib\root\widgets\glass_icon_dialogue.dart", "Dart", 105, 0, 0, 0, 0, 0, 0, 0, 0, 0, 0, 0, 0, 0, 0, 0, 0, 0, 4, 109
"d:\Android_Dev\Flutter\Projects\notesapp\lib\root\widgets\nothing_to_see.dart", "Dart", 26, 0, 0, 0, 0, 0, 0, 0, 0, 0, 0, 0, 0, 0, 0, 0, 0, 0, 3, 29
"d:\Android_Dev\Flutter\Projects\notesapp\lib\root\widgets\photo_view\croppy_custom_cropper.dart", "Dart", 96, 0, 0, 0, 0, 0, 0, 0, 0, 0, 0, 0, 0, 0, 0, 0, 0, 5, 10, 111
"d:\Android_Dev\Flutter\Projects\notesapp\lib\root\widgets\photo_view\croppy_example.dart", "Dart", 194, 0, 0, 0, 0, 0, 0, 0, 0, 0, 0, 0, 0, 0, 0, 0, 0, 0, 25, 219
"d:\Android_Dev\Flutter\Projects\notesapp\lib\root\widgets\photo_view\croppy_settings_modal.dart", "Dart", 237, 0, 0, 0, 0, 0, 0, 0, 0, 0, 0, 0, 0, 0, 0, 0, 0, 0, 15, 252
"d:\Android_Dev\Flutter\Projects\notesapp\lib\root\widgets\photo_view\gallery_view_wrapper.dart", "Dart", 224, 0, 0, 0, 0, 0, 0, 0, 0, 0, 0, 0, 0, 0, 0, 0, 0, 15, 23, 262
"d:\Android_Dev\Flutter\Projects\notesapp\lib\root\widgets\photo_view\photo_view_wrapper.dart", "Dart", 49, 0, 0, 0, 0, 0, 0, 0, 0, 0, 0, 0, 0, 0, 0, 0, 0, 1, 5, 55
"d:\Android_Dev\Flutter\Projects\notesapp\lib\root\widgets\theme_switch.dart", "Dart", 17, 0, 0, 0, 0, 0, 0, 0, 0, 0, 0, 0, 0, 0, 0, 0, 0, 0, 3, 20
"d:\Android_Dev\Flutter\Projects\notesapp\lib\root\widgets\voice_message\components\helpers\custom_track_shape.dart", "Dart", 17, 0, 0, 0, 0, 0, 0, 0, 0, 0, 0, 0, 0, 0, 0, 0, 0, 10, 4, 31
"d:\Android_Dev\Flutter\Projects\notesapp\lib\root\widgets\voice_message\components\helpers\play_status.dart", "Dart", 36, 0, 0, 0, 0, 0, 0, 0, 0, 0, 0, 0, 0, 0, 0, 0, 0, 4, 4, 44
"d:\Android_Dev\Flutter\Projects\notesapp\lib\root\widgets\voice_message\components\helpers\utils.dart", "Dart", 19, 0, 0, 0, 0, 0, 0, 0, 0, 0, 0, 0, 0, 0, 0, 0, 0, 5, 6, 30
"d:\Android_Dev\Flutter\Projects\notesapp\lib\root\widgets\voice_message\components\voice_controller.dart", "Dart", 446, 0, 0, 0, 0, 0, 0, 0, 0, 0, 0, 0, 0, 0, 0, 0, 0, 82, 80, 608
"d:\Android_Dev\Flutter\Projects\notesapp\lib\root\widgets\voice_message\components\voice_message_view.dart", "Dart", 261, 0, 0, 0, 0, 0, 0, 0, 0, 0, 0, 0, 0, 0, 0, 0, 0, 6, 17, 284
"d:\Android_Dev\Flutter\Projects\notesapp\lib\root\widgets\voice_message\components\widgets\loading_widget.dart", "Dart", 62, 0, 0, 0, 0, 0, 0, 0, 0, 0, 0, 0, 0, 0, 0, 0, 0, 0, 8, 70
"d:\Android_Dev\Flutter\Projects\notesapp\lib\root\widgets\voice_message\components\widgets\noises.dart", "Dart", 26, 0, 0, 0, 0, 0, 0, 0, 0, 0, 0, 0, 0, 0, 0, 0, 0, 6, 5, 37
"d:\Android_Dev\Flutter\Projects\notesapp\lib\root\widgets\voice_message\components\widgets\play_pause_button.dart", "Dart", 64, 0, 0, 0, 0, 0, 0, 0, 0, 0, 0, 0, 0, 0, 0, 0, 0, 3, 6, 73
"d:\Android_Dev\Flutter\Projects\notesapp\lib\root\widgets\voice_message\components\widgets\single_noise.dart", "Dart", 29, 0, 0, 0, 0, 0, 0, 0, 0, 0, 0, 0, 0, 0, 0, 0, 0, 8, 8, 45
"d:\Android_Dev\Flutter\Projects\notesapp\lib\todos.dart", "Dart", 0, 0, 0, 0, 0, 0, 0, 0, 0, 0, 0, 0, 0, 0, 0, 0, 0, 63, 8, 71
"d:\Android_Dev\Flutter\Projects\notesapp\linux\CMakeLists.txt", "CMake", 0, 0, 0, 0, 0, 0, 0, 0, 0, 0, 104, 0, 0, 0, 0, 0, 0, 0, 25, 129
"d:\Android_Dev\Flutter\Projects\notesapp\linux\flutter\CMakeLists.txt", "CMake", 0, 0, 0, 0, 0, 0, 0, 0, 0, 0, 79, 0, 0, 0, 0, 0, 0, 0, 10, 89
"d:\Android_Dev\Flutter\Projects\notesapp\linux\flutter\generated_plugin_registrant.cc", "C++", 0, 0, 0, 0, 7, 0, 0, 0, 0, 0, 0, 0, 0, 0, 0, 0, 0, 4, 5, 16
"d:\Android_Dev\Flutter\Projects\notesapp\linux\flutter\generated_plugin_registrant.h", "C++", 0, 0, 0, 0, 5, 0, 0, 0, 0, 0, 0, 0, 0, 0, 0, 0, 0, 5, 6, 16
"d:\Android_Dev\Flutter\Projects\notesapp\linux\flutter\generated_plugins.cmake", "CMake", 0, 0, 0, 0, 0, 0, 0, 0, 0, 0, 19, 0, 0, 0, 0, 0, 0, 0, 6, 25
"d:\Android_Dev\Flutter\Projects\notesapp\linux\runner\CMakeLists.txt", "CMake", 0, 0, 0, 0, 0, 0, 0, 0, 0, 0, 21, 0, 0, 0, 0, 0, 0, 0, 6, 27
"d:\Android_Dev\Flutter\Projects\notesapp\linux\runner\main.cc", "C++", 0, 0, 0, 0, 5, 0, 0, 0, 0, 0, 0, 0, 0, 0, 0, 0, 0, 0, 2, 7
"d:\Android_Dev\Flutter\Projects\notesapp\linux\runner\my_application.cc", "C++", 0, 0, 0, 0, 83, 0, 0, 0, 0, 0, 0, 0, 0, 0, 0, 0, 0, 21, 27, 131
"d:\Android_Dev\Flutter\Projects\notesapp\linux\runner\my_application.h", "C++", 0, 0, 0, 0, 7, 0, 0, 0, 0, 0, 0, 0, 0, 0, 0, 0, 0, 7, 5, 19
"d:\Android_Dev\Flutter\Projects\notesapp\macos\Flutter\GeneratedPluginRegistrant.swift", "Swift", 0, 0, 0, 0, 0, 8, 0, 0, 0, 0, 0, 0, 0, 0, 0, 0, 0, 3, 4, 15
"d:\Android_Dev\Flutter\Projects\notesapp\macos\RunnerTests\RunnerTests.swift", "Swift", 0, 0, 0, 0, 0, 7, 0, 0, 0, 0, 0, 0, 0, 0, 0, 0, 0, 2, 4, 13
"d:\Android_Dev\Flutter\Projects\notesapp\macos\Runner\AppDelegate.swift", "Swift", 0, 0, 0, 0, 0, 11, 0, 0, 0, 0, 0, 0, 0, 0, 0, 0, 0, 0, 3, 14
"d:\Android_Dev\Flutter\Projects\notesapp\macos\Runner\Assets.xcassets\AppIcon.appiconset\Contents.json", "JSON", 0, 0, 0, 0, 0, 0, 0, 0, 0, 0, 0, 68, 0, 0, 0, 0, 0, 0, 0, 68
"d:\Android_Dev\Flutter\Projects\notesapp\macos\Runner\Base.lproj\MainMenu.xib", "XML", 0, 0, 0, 0, 0, 0, 343, 0, 0, 0, 0, 0, 0, 0, 0, 0, 0, 0, 1, 344
"d:\Android_Dev\Flutter\Projects\notesapp\macos\Runner\MainFlutterWindow.swift", "Swift", 0, 0, 0, 0, 0, 12, 0, 0, 0, 0, 0, 0, 0, 0, 0, 0, 0, 0, 4, 16
"d:\Android_Dev\Flutter\Projects\notesapp\plugins\isar_flutter_libs\CHANGELOG.md", "Markdown", 0, 0, 1, 0, 0, 0, 0, 0, 0, 0, 0, 0, 0, 0, 0, 0, 0, 0, 0, 1
"d:\Android_Dev\Flutter\Projects\notesapp\plugins\isar_flutter_libs\README.md", "Markdown", 0, 0, 1, 0, 0, 0, 0, 0, 0, 0, 0, 0, 0, 0, 0, 0, 0, 0, 0, 1
"d:\Android_Dev\Flutter\Projects\notesapp\plugins\isar_flutter_libs\android\.gradle\7.4\dependencies-accessors\gc.properties", "Java Properties", 0, 0, 0, 0, 0, 0, 0, 0, 0, 0, 0, 0, 0, 0, 0, 0, 0, 0, 1, 1
"d:\Android_Dev\Flutter\Projects\notesapp\plugins\isar_flutter_libs\android\.gradle\7.4\gc.properties", "Java Properties", 0, 0, 0, 0, 0, 0, 0, 0, 0, 0, 0, 0, 0, 0, 0, 0, 0, 0, 1, 1
"d:\Android_Dev\Flutter\Projects\notesapp\plugins\isar_flutter_libs\android\.gradle\buildOutputCleanup\cache.properties", "Java Properties", 0, 0, 0, 0, 0, 0, 0, 0, 1, 0, 0, 0, 0, 0, 0, 0, 0, 1, 1, 3
"d:\Android_Dev\Flutter\Projects\notesapp\plugins\isar_flutter_libs\android\.gradle\vcs-1\gc.properties", "Java Properties", 0, 0, 0, 0, 0, 0, 0, 0, 0, 0, 0, 0, 0, 0, 0, 0, 0, 0, 1, 1
"d:\Android_Dev\Flutter\Projects\notesapp\plugins\isar_flutter_libs\android\build.gradle", "Gradle", 0, 0, 0, 0, 0, 0, 0, 28, 0, 0, 0, 0, 0, 0, 0, 0, 0, 0, 10, 38
"d:\Android_Dev\Flutter\Projects\notesapp\plugins\isar_flutter_libs\android\gradle.properties", "Java Properties", 0, 0, 0, 0, 0, 0, 0, 0, 3, 0, 0, 0, 0, 0, 0, 0, 0, 0, 1, 4
"d:\Android_Dev\Flutter\Projects\notesapp\plugins\isar_flutter_libs\android\gradle\wrapper\gradle-wrapper.properties", "Java Properties", 0, 0, 0, 0, 0, 0, 0, 0, 5, 0, 0, 0, 0, 0, 0, 0, 0, 1, 1, 7
"d:\Android_Dev\Flutter\Projects\notesapp\plugins\isar_flutter_libs\android\settings.gradle", "Gradle", 0, 0, 0, 0, 0, 0, 0, 1, 0, 0, 0, 0, 0, 0, 0, 0, 0, 0, 1, 2
"d:\Android_Dev\Flutter\Projects\notesapp\plugins\isar_flutter_libs\android\src\main\AndroidManifest.xml", "XML", 0, 0, 0, 0, 0, 0, 2, 0, 0, 0, 0, 0, 0, 0, 0, 0, 0, 0, 0, 2
"d:\Android_Dev\Flutter\Projects\notesapp\plugins\isar_flutter_libs\android\src\main\java\dev\isar\isar_flutter_libs\IsarFlutterLibsPlugin.java", "Java", 0, 0, 0, 0, 0, 0, 0, 0, 0, 0, 0, 0, 0, 9, 0, 0, 0, 0, 5, 14
"d:\Android_Dev\Flutter\Projects\notesapp\plugins\isar_flutter_libs\ios\Classes\IsarFlutterLibsPlugin.h", "C++", 0, 0, 0, 0, 3, 0, 0, 0, 0, 0, 0, 0, 0, 0, 0, 0, 0, 0, 2, 5
"d:\Android_Dev\Flutter\Projects\notesapp\plugins\isar_flutter_libs\ios\Classes\IsarFlutterLibsPlugin.m", "Objective-C", 0, 0, 0, 0, 0, 0, 0, 0, 0, 11, 0, 0, 0, 0, 0, 0, 0, 3, 2, 16
"d:\Android_Dev\Flutter\Projects\notesapp\plugins\isar_flutter_libs\ios\Classes\SwiftIsarFlutterLibsPlugin.swift", "Swift", 0, 0, 0, 0, 0, 12, 0, 0, 0, 0, 0, 0, 0, 0, 0, 0, 0, 1, 4, 17
"d:\Android_Dev\Flutter\Projects\notesapp\plugins\isar_flutter_libs\ios\Classes\binding.h", "C++", 0, 0, 0, 0, 5, 0, 0, 0, 0, 0, 0, 0, 0, 0, 0, 0, 0, 0, 1, 6
"d:\Android_Dev\Flutter\Projects\notesapp\plugins\isar_flutter_libs\ios\isar_flutter_libs.podspec", "Ruby", 0, 0, 0, 15, 0, 0, 0, 0, 0, 0, 0, 0, 0, 0, 0, 0, 0, 0, 3, 18
"d:\Android_Dev\Flutter\Projects\notesapp\plugins\isar_flutter_libs\lib\isar_flutter_libs.dart", "Dart", 1, 0, 0, 0, 0, 0, 0, 0, 0, 0, 0, 0, 0, 0, 0, 0, 0, 0, 1, 2
"d:\Android_Dev\Flutter\Projects\notesapp\plugins\isar_flutter_libs\linux\CMakeLists.txt", "CMake", 0, 0, 0, 0, 0, 0, 0, 0, 0, 0, 22, 0, 0, 0, 0, 0, 0, 0, 4, 26
"d:\Android_Dev\Flutter\Projects\notesapp\plugins\isar_flutter_libs\linux\include\isar_flutter_libs\isar_flutter_libs_plugin.h", "C++", 0, 0, 0, 0, 18, 0, 0, 0, 0, 0, 0, 0, 0, 0, 0, 0, 0, 0, 9, 27
"d:\Android_Dev\Flutter\Projects\notesapp\plugins\isar_flutter_libs\linux\isar_flutter_libs_plugin.cc", "C++", 0, 0, 0, 0, 53, 0, 0, 0, 0, 0, 0, 0, 0, 0, 0, 0, 0, 1, 17, 71
"d:\Android_Dev\Flutter\Projects\notesapp\plugins\isar_flutter_libs\macos\Classes\IsarFlutterLibsPlugin.swift", "Swift", 0, 0, 0, 0, 0, 17, 0, 0, 0, 0, 0, 0, 0, 0, 0, 0, 0, 0, 3, 20
"d:\Android_Dev\Flutter\Projects\notesapp\plugins\isar_flutter_libs\macos\isar_flutter_libs.podspec", "Ruby", 0, 0, 0, 15, 0, 0, 0, 0, 0, 0, 0, 0, 0, 0, 0, 0, 0, 0, 2, 17
"d:\Android_Dev\Flutter\Projects\notesapp\plugins\isar_flutter_libs\pubspec.yaml", "YAML", 0, 26, 0, 0, 0, 0, 0, 0, 0, 0, 0, 0, 0, 0, 0, 0, 0, 0, 4, 30
"d:\Android_Dev\Flutter\Projects\notesapp\plugins\isar_flutter_libs\windows\CMakeLists.txt", "CMake", 0, 0, 0, 0, 0, 0, 0, 0, 0, 0, 21, 0, 0, 0, 0, 0, 0, 0, 4, 25
"d:\Android_Dev\Flutter\Projects\notesapp\plugins\isar_flutter_libs\windows\include\isar_flutter_libs\isar_flutter_libs_plugin.h", "C++", 0, 0, 0, 0, 17, 0, 0, 0, 0, 0, 0, 0, 0, 0, 0, 0, 0, 0, 7, 24
"d:\Android_Dev\Flutter\Projects\notesapp\plugins\isar_flutter_libs\windows\isar_flutter_libs_plugin.cpp", "C++", 0, 0, 0, 0, 60, 0, 0, 0, 0, 0, 0, 0, 0, 0, 0, 0, 0, 4, 19, 83
"d:\Android_Dev\Flutter\Projects\notesapp\plugins\record_android\CHANGELOG.md", "Markdown", 0, 0, 82, 0, 0, 0, 0, 0, 0, 0, 0, 0, 0, 0, 0, 0, 0, 0, 23, 105
"d:\Android_Dev\Flutter\Projects\notesapp\plugins\record_android\README.md", "Markdown", 0, 0, 26, 0, 0, 0, 0, 0, 0, 0, 0, 0, 0, 0, 0, 0, 0, 2, 12, 40
"d:\Android_Dev\Flutter\Projects\notesapp\plugins\record_android\android\.gradle\8.9\dependencies-accessors\gc.properties", "Java Properties", 0, 0, 0, 0, 0, 0, 0, 0, 0, 0, 0, 0, 0, 0, 0, 0, 0, 0, 1, 1
"d:\Android_Dev\Flutter\Projects\notesapp\plugins\record_android\android\.gradle\8.9\gc.properties", "Java Properties", 0, 0, 0, 0, 0, 0, 0, 0, 0, 0, 0, 0, 0, 0, 0, 0, 0, 0, 1, 1
"d:\Android_Dev\Flutter\Projects\notesapp\plugins\record_android\android\.gradle\buildOutputCleanup\cache.properties", "Java Properties", 0, 0, 0, 0, 0, 0, 0, 0, 1, 0, 0, 0, 0, 0, 0, 0, 0, 1, 1, 3
"d:\Android_Dev\Flutter\Projects\notesapp\plugins\record_android\android\.gradle\vcs-1\gc.properties", "Java Properties", 0, 0, 0, 0, 0, 0, 0, 0, 0, 0, 0, 0, 0, 0, 0, 0, 0, 0, 1, 1
"d:\Android_Dev\Flutter\Projects\notesapp\plugins\record_android\android\build.gradle", "Gradle", 0, 0, 0, 0, 0, 0, 0, 41, 0, 0, 0, 0, 0, 0, 0, 0, 0, 2, 11, 54
"d:\Android_Dev\Flutter\Projects\notesapp\plugins\record_android\android\settings.gradle", "Gradle", 0, 0, 0, 0, 0, 0, 0, 1, 0, 0, 0, 0, 0, 0, 0, 0, 0, 0, 1, 2
"d:\Android_Dev\Flutter\Projects\notesapp\plugins\record_android\android\src\main\AndroidManifest.xml", "XML", 0, 0, 0, 0, 0, 0, 4, 0, 0, 0, 0, 0, 0, 0, 0, 0, 0, 0, 2, 6
"d:\Android_Dev\Flutter\Projects\notesapp\plugins\record_android\android\src\main\kotlin\com\llfbandit\record\RecordPlugin.kt", "Kotlin", 0, 0, 0, 0, 0, 0, 0, 0, 0, 0, 0, 0, 0, 0, 62, 0, 0, 13, 14, 89
"d:\Android_Dev\Flutter\Projects\notesapp\plugins\record_android\android\src\main\kotlin\com\llfbandit\record\Utils.java", "Java", 0, 0, 0, 0, 0, 0, 0, 0, 0, 0, 0, 0, 0, 26, 0, 0, 0, 2, 9, 37
"d:\Android_Dev\Flutter\Projects\notesapp\plugins\record_android\android\src\main\kotlin\com\llfbandit\record\methodcall\MethodCallHandlerImpl.kt", "Kotlin", 0, 0, 0, 0, 0, 0, 0, 0, 0, 0, 0, 0, 0, 0, 97, 0, 0, 0, 16, 113
"d:\Android_Dev\Flutter\Projects\notesapp\plugins\record_android\android\src\main\kotlin\com\llfbandit\record\methodcall\RecorderWrapper.kt", "Kotlin", 0, 0, 0, 0, 0, 0, 0, 0, 0, 0, 0, 0, 0, 0, 199, 0, 0, 10, 38, 247
"d:\Android_Dev\Flutter\Projects\notesapp\plugins\record_android\android\src\main\kotlin\com\llfbandit\record\permission\PermissionManager.kt", "Kotlin", 0, 0, 0, 0, 0, 0, 0, 0, 0, 0, 0, 0, 0, 0, 49, 0, 0, 0, 7, 56
"d:\Android_Dev\Flutter\Projects\notesapp\plugins\record_android\android\src\main\kotlin\com\llfbandit\record\permission\PermissionResultCallback.kt", "Kotlin", 0, 0, 0, 0, 0, 0, 0, 0, 0, 0, 0, 0, 0, 0, 4, 0, 0, 0, 1, 5
"d:\Android_Dev\Flutter\Projects\notesapp\plugins\record_android\android\src\main\kotlin\com\llfbandit\record\record\PCMReader.kt", "Kotlin", 0, 0, 0, 0, 0, 0, 0, 0, 0, 0, 0, 0, 0, 0, 161, 0, 0, 9, 29, 199
"d:\Android_Dev\Flutter\Projects\notesapp\plugins\record_android\android\src\main\kotlin\com\llfbandit\record\record\RecordConfig.kt", "Kotlin", 0, 0, 0, 0, 0, 0, 0, 0, 0, 0, 0, 0, 0, 0, 147, 0, 0, 0, 16, 163
"d:\Android_Dev\Flutter\Projects\notesapp\plugins\record_android\android\src\main\kotlin\com\llfbandit\record\record\RecordState.kt", "Kotlin", 0, 0, 0, 0, 0, 0, 0, 0, 0, 0, 0, 0, 0, 0, 4, 0, 0, 0, 1, 5
"d:\Android_Dev\Flutter\Projects\notesapp\plugins\record_android\android\src\main\kotlin\com\llfbandit\record\record\bluetooth\BluetoothReceiver.kt", "Kotlin", 0, 0, 0, 0, 0, 0, 0, 0, 0, 0, 0, 0, 0, 0, 96, 0, 0, 0, 24, 120
"d:\Android_Dev\Flutter\Projects\notesapp\plugins\record_android\android\src\main\kotlin\com\llfbandit\record\record\container\AdtsContainer.kt", "Kotlin", 0, 0, 0, 0, 0, 0, 0, 0, 0, 0, 0, 0, 0, 0, 93, 0, 0, 6, 21, 120
"d:\Android_Dev\Flutter\Projects\notesapp\plugins\record_android\android\src\main\kotlin\com\llfbandit\record\record\container\FlacContainer.kt", "Kotlin", 0, 0, 0, 0, 0, 0, 0, 0, 0, 0, 0, 0, 0, 0, 103, 0, 0, 15, 28, 146
"d:\Android_Dev\Flutter\Projects\notesapp\plugins\record_android\android\src\main\kotlin\com\llfbandit\record\record\container\IContainerWriter.kt", "Kotlin", 0, 0, 0, 0, 0, 0, 0, 0, 0, 0, 0, 0, 0, 0, 26, 0, 0, 52, 12, 90
"d:\Android_Dev\Flutter\Projects\notesapp\plugins\record_android\android\src\main\kotlin\com\llfbandit\record\record\container\MuxerContainer.kt", "Kotlin", 0, 0, 0, 0, 0, 0, 0, 0, 0, 0, 0, 0, 0, 0, 47, 0, 0, 7, 16, 70
"d:\Android_Dev\Flutter\Projects\notesapp\plugins\record_android\android\src\main\kotlin\com\llfbandit\record\record\container\RawContainer.kt", "Kotlin", 0, 0, 0, 0, 0, 0, 0, 0, 0, 0, 0, 0, 0, 0, 69, 0, 0, 0, 17, 86
"d:\Android_Dev\Flutter\Projects\notesapp\plugins\record_android\android\src\main\kotlin\com\llfbandit\record\record\container\WaveContainer.kt", "Kotlin", 0, 0, 0, 0, 0, 0, 0, 0, 0, 0, 0, 0, 0, 0, 98, 0, 0, 16, 22, 136
"d:\Android_Dev\Flutter\Projects\notesapp\plugins\record_android\android\src\main\kotlin\com\llfbandit\record\record\device\DeviceUtils.kt", "Kotlin", 0, 0, 0, 0, 0, 0, 0, 0, 0, 0, 0, 0, 0, 0, 81, 0, 0, 0, 10, 91
"d:\Android_Dev\Flutter\Projects\notesapp\plugins\record_android\android\src\main\kotlin\com\llfbandit\record\record\encoder\EncoderListener.kt", "Kotlin", 0, 0, 0, 0, 0, 0, 0, 0, 0, 0, 0, 0, 0, 0, 5, 0, 0, 6, 2, 13
"d:\Android_Dev\Flutter\Projects\notesapp\plugins\record_android\android\src\main\kotlin\com\llfbandit\record\record\encoder\IEncoder.kt", "Kotlin", 0, 0, 0, 0, 0, 0, 0, 0, 0, 0, 0, 0, 0, 0, 6, 0, 0, 16, 3, 25
"d:\Android_Dev\Flutter\Projects\notesapp\plugins\record_android\android\src\main\kotlin\com\llfbandit\record\record\encoder\MediaCodecEncoder.kt", "Kotlin", 0, 0, 0, 0, 0, 0, 0, 0, 0, 0, 0, 0, 0, 0, 204, 0, 0, 7, 42, 253
"d:\Android_Dev\Flutter\Projects\notesapp\plugins\record_android\android\src\main\kotlin\com\llfbandit\record\record\encoder\PassthroughEncoder.kt", "Kotlin", 0, 0, 0, 0, 0, 0, 0, 0, 0, 0, 0, 0, 0, 0, 50, 0, 0, 5, 14, 69
"d:\Android_Dev\Flutter\Projects\notesapp\plugins\record_android\android\src\main\kotlin\com\llfbandit\record\record\format\AacFormat.kt", "Kotlin", 0, 0, 0, 0, 0, 0, 0, 0, 0, 0, 0, 0, 0, 0, 62, 0, 0, 1, 12, 75
"d:\Android_Dev\Flutter\Projects\notesapp\plugins\record_android\android\src\main\kotlin\com\llfbandit\record\record\format\AmrNbFormat.kt", "Kotlin", 0, 0, 0, 0, 0, 0, 0, 0, 0, 0, 0, 0, 0, 0, 32, 0, 0, 0, 7, 39
"d:\Android_Dev\Flutter\Projects\notesapp\plugins\record_android\android\src\main\kotlin\com\llfbandit\record\record\format\AmrWbFormat.kt", "Kotlin", 0, 0, 0, 0, 0, 0, 0, 0, 0, 0, 0, 0, 0, 0, 32, 0, 0, 0, 7, 39
"d:\Android_Dev\Flutter\Projects\notesapp\plugins\record_android\android\src\main\kotlin\com\llfbandit\record\record\format\AudioFormats.kt", "Kotlin", 0, 0, 0, 0, 0, 0, 0, 0, 0, 0, 0, 0, 0, 0, 36, 0, 0, 0, 4, 40
"d:\Android_Dev\Flutter\Projects\notesapp\plugins\record_android\android\src\main\kotlin\com\llfbandit\record\record\format\FlacFormat.kt", "Kotlin", 0, 0, 0, 0, 0, 0, 0, 0, 0, 0, 0, 0, 0, 0, 28, 0, 0, 1, 8, 37
"d:\Android_Dev\Flutter\Projects\notesapp\plugins\record_android\android\src\main\kotlin\com\llfbandit\record\record\format\Format.kt", "Kotlin", 0, 0, 0, 0, 0, 0, 0, 0, 0, 0, 0, 0, 0, 0, 126, 0, 0, 22, 26, 174
"d:\Android_Dev\Flutter\Projects\notesapp\plugins\record_android\android\src\main\kotlin\com\llfbandit\record\record\format\OpusFormat.kt", "Kotlin", 0, 0, 0, 0, 0, 0, 0, 0, 0, 0, 0, 0, 0, 0, 32, 0, 0, 0, 7, 39
"d:\Android_Dev\Flutter\Projects\notesapp\plugins\record_android\android\src\main\kotlin\com\llfbandit\record\record\format\PcmFormat.kt", "Kotlin", 0, 0, 0, 0, 0, 0, 0, 0, 0, 0, 0, 0, 0, 0, 23, 0, 0, 0, 7, 30
"d:\Android_Dev\Flutter\Projects\notesapp\plugins\record_android\android\src\main\kotlin\com\llfbandit\record\record\format\WaveFormat.kt", "Kotlin", 0, 0, 0, 0, 0, 0, 0, 0, 0, 0, 0, 0, 0, 0, 27, 0, 0, 0, 8, 35
"d:\Android_Dev\Flutter\Projects\notesapp\plugins\record_android\android\src\main\kotlin\com\llfbandit\record\record\recorder\AudioRecorder.kt", "Kotlin", 0, 0, 0, 0, 0, 0, 0, 0, 0, 0, 0, 0, 0, 0, 213, 0, 0, 14, 53, 280
"d:\Android_Dev\Flutter\Projects\notesapp\plugins\record_android\android\src\main\kotlin\com\llfbandit\record\record\recorder\IRecorder.kt", "Kotlin", 0, 0, 0, 0, 0, 0, 0, 0, 0, 0, 0, 0, 0, 0, 14, 0, 0, 27, 10, 51
"d:\Android_Dev\Flutter\Projects\notesapp\plugins\record_android\android\src\main\kotlin\com\llfbandit\record\record\recorder\MediaRecorder.kt", "Kotlin", 0, 0, 0, 0, 0, 0, 0, 0, 0, 0, 0, 0, 0, 0, 202, 0, 0, 7, 35, 244
"d:\Android_Dev\Flutter\Projects\notesapp\plugins\record_android\android\src\main\kotlin\com\llfbandit\record\record\recorder\RecordThread.kt", "Kotlin", 0, 0, 0, 0, 0, 0, 0, 0, 0, 0, 0, 0, 0, 0, 138, 0, 0, 3, 32, 173
"d:\Android_Dev\Flutter\Projects\notesapp\plugins\record_android\android\src\main\kotlin\com\llfbandit\record\record\stream\RecorderRecordStreamHandler.kt", "Kotlin", 0, 0, 0, 0, 0, 0, 0, 0, 0, 0, 0, 0, 0, 0, 20, 0, 0, 1, 6, 27
"d:\Android_Dev\Flutter\Projects\notesapp\plugins\record_android\android\src\main\kotlin\com\llfbandit\record\record\stream\RecorderStateStreamHandler.kt", "Kotlin", 0, 0, 0, 0, 0, 0, 0, 0, 0, 0, 0, 0, 0, 0, 30, 0, 0, 1, 8, 39
"d:\Android_Dev\Flutter\Projects\notesapp\plugins\record_android\android\src\main\kotlin\com\llfbandit\record\service\AudioRecordingService.kt", "Kotlin", 0, 0, 0, 0, 0, 0, 0, 0, 0, 0, 0, 0, 0, 0, 71, 0, 0, 1, 14, 86
"d:\Android_Dev\Flutter\Projects\notesapp\plugins\record_android\android\src\main\res\drawable\ic_mic.xml", "XML", 0, 0, 0, 0, 0, 0, 10, 0, 0, 0, 0, 0, 0, 0, 0, 0, 0, 0, 0, 10
"d:\Android_Dev\Flutter\Projects\notesapp\plugins\record_android\example\README.md", "Markdown", 0, 0, 1, 0, 0, 0, 0, 0, 0, 0, 0, 0, 0, 0, 0, 0, 0, 0, 0, 1
"d:\Android_Dev\Flutter\Projects\notesapp\plugins\record_android\pubspec.yaml", "YAML", 0, 19, 0, 0, 0, 0, 0, 0, 0, 0, 0, 0, 0, 0, 0, 0, 0, 0, 6, 25
"d:\Android_Dev\Flutter\Projects\notesapp\pubspec.yaml", "YAML", 0, 118, 0, 0, 0, 0, 0, 0, 0, 0, 0, 0, 0, 0, 0, 0, 0, 8, 16, 142
"d:\Android_Dev\Flutter\Projects\notesapp\splash.yaml", "YAML", 0, 15, 0, 0, 0, 0, 0, 0, 0, 0, 0, 0, 0, 0, 0, 0, 0, 12, 8, 35
"d:\Android_Dev\Flutter\Projects\notesapp\test\widget_test.dart", "Dart", 14, 0, 0, 0, 0, 0, 0, 0, 0, 0, 0, 0, 0, 0, 0, 0, 0, 10, 7, 31
"d:\Android_Dev\Flutter\Projects\notesapp\web\index.html", "HTML", 0, 0, 0, 0, 0, 0, 0, 0, 0, 0, 0, 0, 84, 0, 0, 0, 0, 15, 15, 114
"d:\Android_Dev\Flutter\Projects\notesapp\web\manifest.json", "JSON", 0, 0, 0, 0, 0, 0, 0, 0, 0, 0, 0, 35, 0, 0, 0, 0, 0, 0, 0, 35
"d:\Android_Dev\Flutter\Projects\notesapp\windows\CMakeLists.txt", "CMake", 0, 0, 0, 0, 0, 0, 0, 0, 0, 0, 89, 0, 0, 0, 0, 0, 0, 0, 20, 109
"d:\Android_Dev\Flutter\Projects\notesapp\windows\flutter\CMakeLists.txt", "CMake", 0, 0, 0, 0, 0, 0, 0, 0, 0, 0, 98, 0, 0, 0, 0, 0, 0, 0, 12, 110
"d:\Android_Dev\Flutter\Projects\notesapp\windows\flutter\generated_plugin_registrant.cc", "C++", 0, 0, 0, 0, 24, 0, 0, 0, 0, 0, 0, 0, 0, 0, 0, 0, 0, 4, 5, 33
"d:\Android_Dev\Flutter\Projects\notesapp\windows\flutter\generated_plugin_registrant.h", "C++", 0, 0, 0, 0, 5, 0, 0, 0, 0, 0, 0, 0, 0, 0, 0, 0, 0, 5, 6, 16
"d:\Android_Dev\Flutter\Projects\notesapp\windows\flutter\generated_plugins.cmake", "CMake", 0, 0, 0, 0, 0, 0, 0, 0, 0, 0, 26, 0, 0, 0, 0, 0, 0, 0, 6, 32
"d:\Android_Dev\Flutter\Projects\notesapp\windows\runner\CMakeLists.txt", "CMake", 0, 0, 0, 0, 0, 0, 0, 0, 0, 0, 34, 0, 0, 0, 0, 0, 0, 0, 7, 41
"d:\Android_Dev\Flutter\Projects\notesapp\windows\runner\flutter_window.cpp", "C++", 0, 0, 0, 0, 49, 0, 0, 0, 0, 0, 0, 0, 0, 0, 0, 0, 0, 7, 16, 72
"d:\Android_Dev\Flutter\Projects\notesapp\windows\runner\flutter_window.h", "C++", 0, 0, 0, 0, 20, 0, 0, 0, 0, 0, 0, 0, 0, 0, 0, 0, 0, 5, 9, 34
"d:\Android_Dev\Flutter\Projects\notesapp\windows\runner\main.cpp", "C++", 0, 0, 0, 0, 30, 0, 0, 0, 0, 0, 0, 0, 0, 0, 0, 0, 0, 4, 10, 44
"d:\Android_Dev\Flutter\Projects\notesapp\windows\runner\resource.h", "C++", 0, 0, 0, 0, 9, 0, 0, 0, 0, 0, 0, 0, 0, 0, 0, 0, 0, 6, 2, 17
"d:\Android_Dev\Flutter\Projects\notesapp\windows\runner\utils.cpp", "C++", 0, 0, 0, 0, 54, 0, 0, 0, 0, 0, 0, 0, 0, 0, 0, 0, 0, 2, 10, 66
"d:\Android_Dev\Flutter\Projects\notesapp\windows\runner\utils.h", "C++", 0, 0, 0, 0, 8, 0, 0, 0, 0, 0, 0, 0, 0, 0, 0, 0, 0, 6, 6, 20
"d:\Android_Dev\Flutter\Projects\notesapp\windows\runner\win32_window.cpp", "C++", 0, 0, 0, 0, 210, 0, 0, 0, 0, 0, 0, 0, 0, 0, 0, 0, 0, 24, 55, 289
"d:\Android_Dev\Flutter\Projects\notesapp\windows\runner\win32_window.h", "C++", 0, 0, 0, 0, 48, 0, 0, 0, 0, 0, 0, 0, 0, 0, 0, 0, 0, 31, 24, 103
"Total", "-", 22018, 201, 124, 30, 721, 86, 637, 71, 28, 11, 513, 182, 632, 35, 2691, 50, 108, 8994, 5333, 42465